gene,direction,start,end,length,type,sequence,val1,val2
1,+,1,681,681,atypical,,,
2,+,765,866,102,native,TGGCTGTCCTAC,9,2
3,+,918,1187,270,native,TGCCTGAGCGGC,12,2
A,+,1188,1382,195,atypical,CTGGAGATCATC,27,2
4,+,1593,4880,3288,native,TACCTCGTAGGT,21,2
5,-,4990,6426,1437,native,GACGAG,6,1
6,+,6587,7999,1413,native,TCTGTGGCTGGT,27,2
7,+,7996,9576,1581,native,GGTGAG,6,1
8,+,9573,11093,1521,native,GAGGAC,5,1
9,+,11164,12573,1410,native,CACTGGGCCAGC,2,2
10,-,12693,13517,825,native,AGGATGACCCGA,12,2
11,+,13769,15208,1440,native,CGGCTGTCAGGA,27,2
12,+,15227,15691,465,native,GCTGTG,2,1
13,+,15807,16277,471,native,TCCATTGCCTGC,20,2
14,+,16284,16781,498,native,GATCCG,2,1
15,+,16778,18058,1281,native,GGTGTG,2,1
16,+,18252,19304,1053,native,CGTCCGACAAAT,12,2
17,+,19456,24681,5226,native,TTCTTGAGAGGT,4,2
18,+,24717,27998,3282,native,TCCCAGAGAGGA,8,2
19,+,28007,32467,4461,native,GAAGAG,14,1
20,+,32517,33587,1071,native,GATGAG,9,1
21,+,33584,35935,2352,native,GAGGAG,2,1
22,+,35995,36192,198,native,TTCCTGACCGAA,15,2
23,+,36226,37272,1047,native,TATCTCTCATGC,13,2
24,+,37487,38500,1014,native,CCGCGGACCAGA,5,2
25,+,38514,39056,543,native,GAGTAG,13,1
26,-,39103,41571,2469,native,GATGAG,6,1
27,+,41777,42784,1008,native,ATGACGCCCGGC,2,2
28,+,42790,43884,1095,native,GCTGAG,4,1
29,+,43895,45118,1224,native,GATGAT,0,1
30,+,45132,46541,1410,native,ATCGAGAGCTGA,13,2
31,+,46673,47083,411,native,TGCTTGCCTTAC,21,2
32,-,47213,47464,252,native,TCCACGACCTGC,20,2
33,-,47666,48427,762,native,TTCATGTGAGGG,2,2
34,-,48516,49076,561,native,GAAGAG,9,1
35,-,49162,49893,732,native,TTGTTGTCCTGT,15,2
36,-,49999,50109,111,native,ATGCTGGTCAGT,17,2
37,-,50285,50497,213,native,TGCAAGGGCTGC,13,2
38,-,50727,51884,1158,native,TCGTTGGGCTGT,2,2
